{"total_premium":21306989.988910798,"total_claims":17755824.9907590002,"loss_ratio":0.8333333333}