{
  "severity": {
    "linear_regression": {
      "rmse": 6132.769816934777,
      "mae": 4444.781348654814,
      "r2": 0.694947193734466
    },
    "random_forest": {
      "rmse": 4976.418248404545,
      "mae": 2703.8474701509344,
      "r2": 0.7991390818809561
    },
    "lightgbm": {
      "rmse": 5388.8382999134565,
      "mae": 3367.0717590154527,
      "r2": 0.7644668719590089
    }
  },
  "premium": {
    "linear_regression": {
      "rmse": 7359.323780321732,
      "mae": 5333.737618385778,
      "r2": 0.694947193734466
    },
    "random_forest": {
      "rmse": 5983.022957892283,
      "mae": 3250.300199553697,
      "r2": 0.7983767819626696
    },
    "lightgbm": {
      "rmse": 6466.605964338141,
      "mae": 4040.4861314147615,
      "r2": 0.7644668716354275
    }
  },
  "classification": {
    "logistic_regression": {
      "accuracy": 0.9104477611940298,
      "precision": 0.9215686274509803,
      "recall": 0.7014925373134329,
      "f1": 0.7966101694915254,
      "roc_auc": 0.8278012920472266
    },
    "random_forest": {
      "accuracy": 0.917910447761194,
      "precision": 0.9591836734693877,
      "recall": 0.7014925373134329,
      "f1": 0.8103448275862069,
      "roc_auc": 0.793012549194327
    },
    "lightgbm": {
      "accuracy": 0.8880597014925373,
      "precision": 0.8245614035087719,
      "recall": 0.7014925373134329,
      "f1": 0.7580645161290323,
      "roc_auc": 0.8151035865448876
    }
  },
  "best_models": {
    "severity": "random_forest",
    "premium": "random_forest",
    "classification": "logistic_regression"
  }
}